<?xml version='1.1' encoding='UTF-8'?>
<!-- <!DOCTYPE codegenConfig SYSTEM "codegenConfig.dtd"> -->
<codegenConfig>
	<source>
<!-- 		<table name="TBMP4Q" db="host.db2" xls="D:/erpHome/csc/mp/dao/MP_old_table_layout.xls" /> -->
<!-- 		<table name="TBMSV01" db="host.db2" xls="D:/erpHome/csc/ms/dao/MSV_table_layout.xls" /> -->
<!-- 		<table name="TBMSV02" db="host.db2" xls="D:/erpHome/csc/ms/dao/MSV_table_layout.xls" /> -->
<!-- 		<table name="TBMSV03" db="host.db2" xls="D:/erpHome/csc/ms/dao/MSV_table_layout.xls" /> -->
		<table name="TBMPR01" db="host.db2" xls="D:/erpHome/csc/mp/dao/MPR_table_layout.xls" bean="RqItemBean" />
		<table name="TBMPR1" db="host.db2" xls="D:/erpHome/csc/mp/dao/MPR_old_table_layout.xls" bean="RqItemBean" />
	</source>
	<destination>
		<target name="codegen.sample">
			<generate file="sample/{SS}{TT}Sample.txt" replace="true" />
			<template file="file/velocity/codegen-sample.vm">
				<parameter name="package" value="com.csc" />
				<parameter name="trim" value="true" />
			</template>
		</target>
<!-- 		<target name="csc.host.db2.ddl"> -->
<!-- 			<generate file="sample/{ss}/ddl/TB{SS}{TT}.sql" replace="true" encoding="big5" /> -->
<!-- 			<template file="file/velocity/csc-host-db2-ddl_1.0.vm"> -->
<!-- 				<parameter name="package" value="com.csc" /> -->
<!-- 				<parameter name="trim" value="true" /> -->
<!-- 			</template> -->
<!-- 		</target> -->
		<target name="case.vo2bean">
			<generate file="sample/{ss}/vo2bean/TB{SS}{TT}ToBean.java" replace="true" />
			<template file="file/velocity/case-vo2bean-template_1.0.vm">
				<parameter name="package" value="com.csc" />
				<parameter name="trim" value="true" />
				<parameter name="bean" value="MSCountryBean" />
			</template>
		</target>			
	</destination>
</codegenConfig>