<?xml version='1.1' encoding='UTF-8'?>
<!-- <!DOCTYPE codegenConfig SYSTEM "codegenConfig.dtd"> -->
<codegenConfig>
	<source>
		<table name="TBMFI00" db="host.db2"
			xls="D:/erpHome/csc/mf/dao/MF_table_layout.xls" />
	</source>
	<!-- parameter srs 和 srsname 一定要 -->
	<!-- file/velocity/csc-bpmn-batch_1.0.vm @Deprecated, timerstartevent, 無參數 -->
	<!-- file/velocity/csc-bpmn-batch_2.0.vm , startevent, 有參數 and 第一個必須為compId -->
	<!-- file/velocity/csc-bpmn-batch_3.0.vm , startevent, 無參數, 錯誤有訊息通報 -->
	<!-- <destination> -->
	<!-- <target name="csc.bpmn.batch"> -->
	<!-- <generate file="D:/erpHome/csc/{ss}/bpmn/batch/{srs}.bpmn" replace="true" 
		/> -->
	<!-- <template file="file/velocity/csc-bpmn-batch_3.0.vm"> -->
	<!-- <parameter name="srs" value="MFJBCS0" /> -->
	<!-- <parameter name="srsname" value="緊急小額採購轉檔作業" /> -->
	<!-- </template> -->
	<!-- </target> -->
	<!-- </destination> -->
	<!-- <destination> -->
	<!-- <target name="csc.bpmn.batch"> -->
	<!-- <generate file="D:/erpHome/csc/{ss}/bpmn/batch/{srs}.bpmn" replace="true" 
		/> -->
	<!-- <template file="file/velocity/csc-bpmn-batch_3.0.vm"> -->
	<!-- <parameter name="srs" value="MFJBS07" /> -->
	<!-- <parameter name="srsname" value="緊急小額採購驗收報支批次拋帳作業" /> -->
	<!-- </template> -->
	<!-- </target> -->
	<!-- </destination> -->
	<!-- <destination> -->
	<!-- <target name="csc.bpmn.batch"> -->
	<!-- <generate file="D:/erpHome/csc/{ss}/bpmn/batch/{srs}.bpmn" -->
	<!-- replace="true" /> -->
	<!-- <template file="file/velocity/csc-bpmn-batch_3.0.vm"> -->
	<!-- <parameter name="srs" value="MFJBS09" /> -->
	<!-- <parameter name="srsname" value="緊急小額採購統計月報作業" /> -->
	<!-- </template> -->
	<!-- </target> -->
	<!-- </destination> -->
	<destination>
		<target name="csc.bpmn.batch">
			<generate file="D:/erpHome/csc/{ss}/bpmn/batch/{srs}.bpmn"
				replace="true" />
			<template file="file/velocity/csc-bpmn-batch_3.0.vm">
				<parameter name="srs" value="MFJBIQA" />
				<parameter name="srsname" value="採購Ｑ及Ｇ案驗收拋帳作業" />
			</template>
		</target>
	</destination>
	<!-- <destination> -->
	<!-- <target name="csc.bpmn.batch"> -->
	<!-- <generate file="D:/erpHome/csc/{ss}/bpmn/batch/{srs}.bpmn" replace="true" 
		/> -->
	<!-- <template file="file/velocity/csc-bpmn-batch_3.0.vm"> -->
	<!-- <parameter name="srs" value="MFJBT03" /> -->
	<!-- <parameter name="srsname" value="開發票通知書郵寄作業" /> -->
	<!-- </template> -->
	<!-- </target> -->
	<!-- </destination> -->


</codegenConfig>