<?xml version='1.1' encoding='UTF-8'?>
<!-- <!DOCTYPE codegenConfig SYSTEM "codegenConfig.dtd"> -->
<codegenConfig>
	<source>
<!-- 		<table name="TBMFD00" db="host.db2"	xls="D:/erpHome/csc/mf/dao/MF_table_layout.xls" bean="DlvyItemBean" />  -->
<!-- 		<table name="TBMFH00" db="host.db2"	xls="D:/erpHome/csc/mf/dao/MF_table_layout.xls" bean="InspQhmBean" /> -->
<!-- 		<table name="TBMFH01" db="host.db2"	xls="D:/erpHome/csc/mf/dao/MF_table_layout.xls" bean="InspQhmItemBean" /> -->
<!-- 		<table name="TBMFI00" db="host.db2"	xls="D:/erpHome/csc/mf/dao/MF_table_layout.xls" bean="InspItemBean" /> -->
<!-- 		<table name="TBMFP00" db="host.db2"	xls="D:/erpHome/csc/mf/dao/MF_table_layout.xls" bean="PayBean" /> -->
		<table name="TBMFSA0" db="host.db2"	xls="D:/erpHome/csc/mf/dao/MF_table_layout.xls" bean="SmallBean" />
		<table name="TBMFSB0" db="host.db2"	xls="D:/erpHome/csc/mf/dao/MF_table_layout.xls" bean="SmallItemBean" />
		<table name="TBMFSC0" db="host.db2"	xls="D:/erpHome/csc/mf/dao/MF_table_layout.xls" bean="SmallVendorBean" />
	</source>
	<destination>
<!-- 		<target name="csc.dao"> -->
<!-- 			<generate -->
<!-- 				file="D:/erpHome/csc/{ss}/src/com/icsc/{ss}/dao/{ss}jc{TT}DAO.java" -->
<!-- 				replace="true" /> -->
<!-- 			<template file="file/velocity/csc-dao-template.vm"> -->
<!-- 				<parameter name="package" value="com.icsc" /> -->
<!-- 				<parameter name="trim" value="true" /> -->
<!-- 			</template> -->
<!-- 		</target> -->
<!-- 		<target name="csc.vo"> -->
<!-- 			<generate -->
<!-- 				file="D:/erpHome/csc/{ss}/src/com/icsc/{ss}/dao/{ss}jc{TT}VO.java" -->
<!-- 				replace="true" /> -->
<!-- 			<template file="file/velocity/csc-vo-template.vm"> -->
<!-- 				<parameter name="package" value="com.icsc" /> -->
<!-- 				<parameter name="trim" value="true" /> -->
<!-- 			</template> -->
<!-- 		</target> -->
<!-- 		<target name="csc.dao.ext"> -->
<!-- 			<generate -->
<!-- 				file="D:/erpHome/csc/{ss}/src/com/icsc/{ss}/dao/ext/{ss}jc{TT}DAOx.java" -->
<!-- 				replace="false" /> -->
<!-- 			<template file="file/velocity/csc-dao-ext-template.vm"> -->
<!-- 				<parameter name="package" value="com.icsc" /> -->
<!-- 				<parameter name="trim" value="true" /> -->
<!-- 			</template> -->
<!-- 		</target> -->
<!-- 		<target name="csc.host.db2.ddl"> -->
<!-- 			<generate file="D:/erpHome/csc/{ss}/dao/sql/{SS}.TB{SS}{TT}-CSC.sql" -->
<!-- 				replace="true" encoding="big5" /> -->
<!-- 			<template file="file/velocity/csc-host-db2-ddl_1.0.vm"> -->
<!-- 				<parameter name="package" value="com.icsc" /> -->
<!-- 				<parameter name="trim" value="true" /> -->
<!-- 			</template> -->
<!-- 		</target> -->
<!-- 		<target name="csc.bean"> -->
<!-- 			<generate -->
<!-- 				file="D:/erpHome/csc/{ss}/src/com/icsc/{ss}/api/bean/{ss}jc{bb}.java" -->
<!-- 				replace="true" /> -->
<!-- 			<template file="file/velocity/csc-bean-template.vm"> -->
<!-- 				<parameter name="package" value="com.icsc.mf.api.bean" /> -->
<!-- 				<parameter name="trim" value="true" /> -->
<!-- 			</template> -->
<!-- 		</target> -->
<!-- 		<target name="csc.bean.base"> -->
<!-- 			<generate -->
<!-- 				file="D:/erpHome/csc/{ss}/src/com/icsc/{ss}/api/bean/base/{ss}jc{bb}Base.java" -->
<!-- 				replace="true" /> -->
<!-- 			<template file="file/velocity/csc-bean-base-template.vm"> -->
<!-- 				<parameter name="package" value="com.icsc.mf.api.bean.base" /> -->
<!-- 				<parameter name="trim" value="true" /> -->
<!-- 			</template> -->
<!-- 		</target> -->
		<target name="csc.api.base">
			<generate
				file="D:/erpHome/csc/{ss}/src/com/icsc/{ss}/api/base/{ss}jcApi{bb}Base.java"
				replace="true" />
			<template file="file/velocity/csc-api-base-template.vm">
				<parameter name="package" value="com.icsc.mf.api.base" />
				<parameter name="trim" value="true" />
			</template>
		</target>
	</destination>
</codegenConfig>