<?xml version="1.1" encoding="UTF-8"?>
<!-- <!DOCTYPE codegenConfig SYSTEM "codegenConfig.dtd"> -->
<codegenConfig>
	<source>
<!-- 		<table name="TBMP4Q" db="host.db2" xls="D:/erpHome/csc/mp/dao/MP_old_table_layout.xls" /> -->
<!-- 		<table name="TBMPO00" db="host.db2" xls="D:/erpHome/csc/mp/dao/MPO_table_layout.xls" bean="PoBean" /> -->
<!-- 		<table name="TBMPO01" db="host.db2" xls="D:/erpHome/csc/mp/dao/MPO_table_layout.xls" bean="PoItemBean" /> -->
<!-- 		<table name="TBMPO02" db="host.db2" xls="D:/erpHome/csc/mp/dao/MPO_table_layout.xls" bean="PoItemLotBean" /> -->
<!-- 		<table name="TBMPO0B" db="host.db2" xls="D:/erpHome/csc/mp/dao/MPO_table_layout.xls" bean="PoProjBean"/> -->
<!-- 		<table name="TBMPO0" db="host.db2" xls="D:/erpHome/csc/mp/dao/MPO_old_table_layout.xls" /> -->
<!-- 		<table name="TBMPO1" db="host.db2" xls="D:/erpHome/csc/mp/dao/MPO_old_table_layout.xls" /> -->
<!-- 		<table name="TBMPO3" db="host.db2" xls="D:/erpHome/csc/mp/dao/MPO_old_table_layout.xls" /> -->
<!-- 		<table name="TBMPO7" db="host.db2" xls="D:/erpHome/csc/mp/dao/MPO_old_table_layout.xls" bean="PoSourceBean" /> -->
<!-- 		<table name="TBMPOH" db="host.db2" xls="D:/erpHome/csc/mp/dao/MPO_old_table_layout.xls" bean="PoFreightBean" /> -->
<!-- 		<table name="TBMPR00" db="host.db2" xls="D:/erpHome/csc/mp/dao/MPR_table_layout.xls" bean="RqBean" /> -->
<!-- 		<table name="TBMPR01" db="host.db2" xls="D:/erpHome/csc/mp/dao/MPR_table_layout.xls" bean="RqItemBean" /> -->
<!-- 		<table name="TBMPT04" db="host.db2" xls="D:/erpHome/csc/mp/dao/MPT_table_layout.xls" /> -->
<!-- 		<table name="TBMPO0L" db="host.db2" xls="D:/erpHome/csc/mp/dao/MPL_table_layout.xls" bean="MPoBean" /> -->
<!-- 		<table name="TBMPL00" db="host.db2" xls="D:/erpHome/csc/mp/dao/MPL_table_layout.xls" bean="MPoWeightBean" /> -->
<!-- 		<table name="TBMPL01" db="host.db2" xls="D:/erpHome/csc/mp/dao/MPL_table_layout.xls" bean="MPoPartBean" /> -->
<!-- 		<table name="TBMPL02" db="host.db2" xls="D:/erpHome/csc/mp/dao/MPL_table_layout.xls" bean="MpoItemEditBean" /> -->
<!-- 		<table name="TBMPL03" db="host.db2" xls="D:/erpHome/csc/mp/dao/MPL_table_layout.xls" bean="MPoEditBean" /> -->
		<table name="TBMP0D" db="udb.dbqsmf" xls="D:/erpHome/csc/mp/dao/MP_DBQSMF_table_layout.xls"  bean="PoConfirmBean"  />
	</source>
	<destination>
		<target name="case.db.vo">
			<generate file="D:/erpHome/case/java-case-{ss}/src/main/java/com/csc/{ss}/db/vo/{SS}{TT}Vo.java" replace="true" />
			<template file="file/velocity/case-db-vo-template_1.0.vm">
				<parameter name="package" value="com.csc" />
				<parameter name="trim" value="true" />
			</template>
		</target>
		<target name="case.db.vo.base">
			<generate file="D:/erpHome/case/java-case-{ss}/src/main/java/com/csc/{ss}/db/vo/base/{SS}{TT}VoBase.java" replace="true" />
			<template file="file/velocity/case-db-vo-base-template_1.0.vm">
				<parameter name="package" value="com.csc" />
				<parameter name="trim" value="true" />
			</template>
		</target>
		<target name="case.db.sql.xml">
			<generate file="D:/erphome/case/java-case-{ss}/src/main/resources/com/csc/{ss}/db/sql/{cc}/{dd}/TB{SS}{TT}.xml" replace="true" />
			<template file="file/velocity/case-db-sql-xml-template_1.0.vm">
				<parameter name="package" value="com.csc" />
				<parameter name="trim" value="true" />
			</template>
		</target>
		<target name="case.db.sql.xml.base">
			<generate file="D:/erphome/case/java-case-{ss}/src/main/resources/com/csc/{ss}/db/sql/{cc}/{dd}/base/TB{SS}{TT}Base.xml" replace="true" />
			<template file="file/velocity/case-db-sql-xml-base-template_1.0.vm">
				<parameter name="package" value="com.csc" />
				<parameter name="trim" value="true" />
			</template>
		</target>
		<target name="case.api.dao">
			<generate file="D:/erpHome/case/java-case-{ss}/src/main/java/com/csc/{ss}/api/dao/{SS}{TT}Dao.java" replace="true" />
			<template file="file/velocity/case-api-dao-template_1.0.vm">
				<parameter name="package" value="com.csc" />
				<parameter name="trim" value="true" />
			</template>
		</target>
		<target name="case.api.dao.base">
			<generate file="D:/erpHome/case/java-case-{ss}/src/main/java/com/csc/{ss}/api/dao/base/{SS}{TT}DaoBase.java" replace="true" />
			<template file="file/velocity/case-api-dao-base-template_1.0.vm">
				<parameter name="package" value="com.csc" />
				<parameter name="trim" value="true" />
			</template>
		</target>
		<target name="case.bean">
			<generate file="D:/erpHome/case/java-case-{ss}/src/main/java/com/csc/{ss}/api/model/{SS}{bb}.java" replace="true" />
			<template file="file/velocity/case-bean-template_1.0.vm">
				<parameter name="package" value="com.csc.ms.api.model" />
				<parameter name="trim" value="true" />
			</template>
		</target>	
		<target name="case.bean.base">
			<generate file="D:/erpHome/case/java-case-{ss}/src/main/java/com/csc/{ss}/api/model/base/{SS}{bb}Base.java" replace="true" />
			<template file="file/velocity/case-bean-base-template_1.0.vm">
				<parameter name="package" value="com.csc.ms.api.model.base" />
				<parameter name="trim" value="true" />
			</template>
		</target>	
	</destination>
</codegenConfig>