<?xml version='1.1' encoding='UTF-8'?>
<!-- <!DOCTYPE codegenConfig SYSTEM "codegenConfig.dtd"> -->
<codegenConfig>
	<source>
<!-- 			<table name="TBMPR00" db="host.db2" xls="D:/erpHome/csc/mp/dao/MPR_table_layout.xls" bean="RqBean"/>  -->
			<table name="TBMPR01" db="host.db2" xls="D:/erpHome/csc/mp/dao/MPR_table_layout.xls" bean="RqItemBean"/> 
<!-- 			<table name="TBMPR02" db="host.db2" xls="D:/erpHome/csc/mp/dao/MP_table_layout.xls" bean="RqItemLotBean"/>  -->
<!-- 			<table name="TBMPR0B" db="host.db2" xls="D:/erpHome/csc/mp/dao/MP_table_layout.xls" bean="RqProjBean"/>   -->
<!--  			<table name="TBMPR0" db="host.db2" xls="D:/erpHome/csc/mp/dao/MPR_old_table_layout.xls" bean="mpR0Bean"/> -->
<!--  			<table name="TBMPRC" db="host.db2" xls="D:/erpHome/csc/mp/dao/MPR_old_table_layout.xls" bean="MpRCBean"/> -->
<!--  			<table name="TBMPRR" db="host.db2" xls="D:/erpHome/csc/mp/dao/MPR_old_table_layout.xls" bean="MpRRBean"/> -->
<!--  			<table name="TBMPRT" db="host.db2" xls="D:/erpHome/csc/mp/dao/MPR_old_table_layout.xls" bean="MpRTBean"/> -->
<!--  			<table name="TBMPR1" db="host.db2" xls="D:/erpHome/csc/mp/dao/MPR_old_table_layout.xls" bean="MpR1Bean"/> -->
<!--  			<table name="TBMPR2" db="host.db2" xls="D:/erpHome/csc/mp/dao/MPR_old_table_layout.xls" bean="MpR2Bean"/> -->
<!--  			<table name="TBMPR3" db="host.db2" xls="D:/erpHome/csc/mp/dao/MPR_old_table_layout.xls" bean="MpR3Bean"/> -->
<!--  			<table name="TBMPR4" db="host.db2" xls="D:/erpHome/csc/mp/dao/MPR_old_table_layout.xls" bean="MpR4Bean"/> -->
<!--  			<table name="TBMPR5" db="host.db2" xls="D:/erpHome/csc/mp/dao/MPR_old_table_layout.xls" bean="MpR5Bean"/> -->
<!-- 		<table name="TBMPO00" db="host.db2" xls="D:/erpHome/csc/mp/dao/MPO_table_layout.xls" bean="PoBean"/> --> 
<!-- 		<table name="TBMPO01" db="host.db2" xls="D:/erpHome/csc/mp/dao/MPO_table_layout.xls" bean="PoItemBean"/> --> 
<!-- 		<table name="TBMPO02" db="host.db2" xls="D:/erpHome/csc/mp/dao/MPO_table_layout.xls" bean="PoItemLotBean"/> --> 
<!-- 		<table name="TBMPO03" db="host.db2" xls="D:/erpHome/csc/mp/dao/MPO_table_layout.xls" bean="PoSourceBean"/> -->
<!-- 		<table name="TBMPO0B" db="host.db2" xls="D:/erpHome/csc/mp/dao/MPO_table_layout.xls" bean="PoProjBean"/> -->
<!--		<table name="TBMPO0" db="host.db2" xls="D:/erpHome/csc/mp/dao/MPO_old_table_layout.xls" bean="PoO0Bean"/> --> 
<!-- 		<table name="TBMPO1" db="host.db2" xls="D:/erpHome/csc/mp/dao/MPO_old_table_layout.xls" bean="PoO1Bean"/> -->  
<!-- 		<table name="TBMPO2" db="host.db2" xls="D:/erpHome/csc/mp/dao/MPO_old_table_layout.xls" bean="PoO2Bean"/> -->  
<!-- 		<table name="TBMPO3" db="host.db2" xls="D:/erpHome/csc/mp/dao/MPO_old_table_layout.xls" bean="PoO3ean"/> -->  
<!-- 		<table name="TBMPO8" db="host.db2" xls="D:/erpHome/csc/mp/dao/MPO_old_table_layout.xls" bean="PoO8Bean"/>  --> 
<!-- 		<table name="TBMPOC" db="host.db2" xls="D:/erpHome/csc/mp/dao/MPO_old_table_layout.xls" bean="PoOCean"/> -->  
<!-- 		<table name="TBMPOF" db="host.db2" xls="D:/erpHome/csc/mp/dao/MPO_old_table_layout.xls" bean="PoOFean"/>  --> 
<!-- 		<table name="TBMPOG" db="host.db2" xls="D:/erpHome/csc/mp/dao/MPO_old_table_layout.xls" bean="PoOGean"/>  --> 
<!--  		<table name="TBMPO7" db="host.db2" xls="D:/erpHome/csc/mp/dao/MPO_old_table_layout.xls" bean="PoSourceBean"/>  --> 
<!-- 		<table name="TBMPOH" db="host.db2" xls="D:/erpHome/csc/mp/dao/MPO_old_table_layout.xls" bean="PoFreightBean"/> -->
<!-- 		<table name="TBMPT04" db="host.db2" xls="D:/erpHome/csc/mp/dao/MPT_table_layout.xls" bean="DocBean"/> -->
<!-- 		<table name="TBMPT01" db="host.db2" xls="D:/erpHome/csc/mp/dao/MPT_table_layout.xls" bean="AuthBean"/> -->
<!--		<table name="TBMPO0L" db="host.db2" xls="D:/erpHome/csc/mp/dao/MPL_table_layout.xls" bean="MpoBean" /> -->
<!-- 		<table name="TBMPL00" db="host.db2" xls="D:/erpHome/csc/mp/dao/MPL_table_layout.xls" bean="MpoWeightBean" /> -->
<!-- 		<table name="TBMPL01" db="host.db2" xls="D:/erpHome/csc/mp/dao/MPL_table_layout.xls" bean="MpoEditBean" /> -->
<!-- 		<table name="TBMPL02" db="host.db2" xls="D:/erpHome/csc/mp/dao/MPL_table_layout.xls" bean="MpoItemBean" /> -->
<!-- 		<table name="TBMPL03" db="host.db2" xls="D:/erpHome/csc/mp/dao/MPL_table_layout.xls" bean="MpoPartBean" /> -->
<!-- 		<table name="TBMPL04" db="host.db2" xls="D:/erpHome/csc/mp/dao/MPL_table_layout.xls" bean="MpoMtrlBean" /> -->
<!-- 		<table name="TBMPRR" db="host.db2" xls="D:/erpHome/csc/mp/dao/MPR_old_table_layout.xls" bean="rqRRBean"/> -->
<!-- 		<table name="TBMI10" db="host.db2" xls="D:/erpHome/csc/mp/dao/MI_table_layout.xls" bean="mtrlBean"/> -->
<!-- 		<table name="TBMPT06" db="host.db2" xls="D:/erpHome/csc/mp/dao/MPT_table_layout.xls" bean="SerialNo"/> -->
<!-- 		<table name="TBMPW00" db="host.db2" xls="D:/erpHome/csc/mp/dao/MPW_table_layout.xls" /> -->
<!--        <table name="TBMPT0" db="host.db2" xls="D:/erpHome/csc/mp/dao/MP_old_table_layout.xls" bean="CPoWorkBean"/> -->
	</source>
	<destination>
<!--  		<target name="csc.dao">  -->
<!--  			<generate file="D:/erpHome/csc/{ss}/src/com/icsc/{ss}/dao/{ss}jc{TT}DAO.java" replace="true" />  -->
<!--  			<template file="file/velocity/csc-dao-template.vm">  -->
<!--  				<parameter name="package" value="com.icsc" />  -->
<!--  				<parameter name="trim" value="true" />  -->
<!--  			</template>  -->
<!--  		</target>  -->
<!--  		<target name="csc.vo">  -->
<!--  			<generate file="D:/erpHome/csc/{ss}/src/com/icsc/{ss}/dao/{ss}jc{TT}VO.java" replace="true" />  -->
<!--  			<template file="file/velocity/csc-vo-template.vm">  -->
<!--  				<parameter name="package" value="com.icsc" />  -->
<!--  				<parameter name="trim" value="true" />  -->
<!--  			</template>  -->
<!--  		</target>  -->
<!-- 		<target name="csc.dao.ext"> -->
<!-- 			<generate file="D:/erpHome/csc/{ss}/src/com/icsc/{ss}/dao/ext/{ss}jc{TT}DAOx.java" replace="false" /> -->
<!-- 			<template file="file/velocity/csc-dao-ext-template.vm"> -->
<!-- 				<parameter name="package" value="com.icsc" /> -->
<!-- 				<parameter name="trim" value="true" /> -->
<!-- 			</template> -->
<!-- 		</target> -->
<!-- 		<target name="csc.host.db2.ddl"> -->
<!-- 			<generate file="D:/erpHome/csc/{ss}/dao/sql/{SS}.TB{SS}{TT}-CSC.sql" replace="true" encoding="big5" /> -->
<!-- 			<template file="file/velocity/csc-host-db2-ddl_1.0.vm"> -->
<!-- 				<parameter name="package" value="com.icsc" /> -->
<!-- 				<parameter name="trim" value="true" /> -->
<!-- 			</template> -->
<!-- 		</target> -->
		<target name="csc.bean.base">
			<generate file="D:/erpHome/csc/{ss}/src/com/icsc/{ss}/api/bean/base/{ss}jc{bb}Base.java" replace="true" />
			<template file="file/velocity/csc-bean-base-template.vm">
				<parameter name="package" value="com.icsc.mp.api.bean.base" />
				<parameter name="trim" value="true" />
			</template>
		</target>
		<target name="csc.bean">
			<generate
				file="D:/erpHome/csc/{ss}/src/com/icsc/{ss}/api/bean/{ss}jc{bb}.java"
				replace="false" />
			<template file="file/velocity/csc-bean-template.vm">
				<parameter name="package" value="com.icsc.mp.api.bean" />
				<parameter name="trim" value="true" />
			</template>
		</target>
<!-- 		<target name="csc.api.base"> -->
<!-- 			<generate -->
<!-- 				file="D:/erpHome/csc/{ss}/src/com/icsc/{ss}/api/base/{ss}jcApi{bb}Base.java" -->
<!-- 				replace="true" /> -->
<!-- 			<template file="file/velocity/csc-api-base-template.vm"> -->
<!-- 				<parameter name="package" value="com.icsc.mp.api.base" /> -->
<!-- 				<parameter name="trim" value="true" /> -->
<!-- 			</template> -->
<!-- 		</target>				 -->
	</destination>
</codegenConfig>