<?xml version='1.1' encoding='UTF-8'?>
<!-- <!DOCTYPE codegenConfig SYSTEM "codegenConfig.dtd"> -->
<codegenConfig>
	<source>
		<table name="TBMPO00" db="host.db2" xls="D:/erpHome/csc/mp/dao/MPO_table_layout.xls" />
	</source>
	<!-- parameter srs 和 srsname 一定要 -->
	<!-- file/velocity/csc-bpmn-batch_1.0.vm @Deprecated, timerstartevent, 無參數 -->
	<!-- file/velocity/csc-bpmn-batch_2.0.vm            , startevent, 有參數 and 第一個必須為compId  -->
	<!-- file/velocity/csc-bpmn-batch_3.0.vm            , startevent, 無參數, 錯誤有訊息通報 -->
	<destination>
		<target name="csc.bpmn.batch">
			<generate file="D:/erpHome/csc/{ss}/bpmn/batch/{srs}.bpmn" replace="true" />
			<template file="file/velocity/csc-bpmn-batch_3.0.vm">
				<parameter name="srs" value="MPJBCKPO" />
				<parameter name="srsname" value="訂購資料比對作業" />
			</template>			
		</target>	
		<target name="csc.bpmn.batch">
			<generate file="D:/erpHome/csc/{ss}/bpmn/batch/{srs}.bpmn" replace="true" />
			<template file="file/velocity/csc-bpmn-batch_3.0.vm">
				<parameter name="srs" value="MPJBCKRQ" />
				<parameter name="srsname" value="請購資料比對作業" />
			</template>			
		</target>	
<!-- 		<target name="csc.bpmn.batch"> -->
<!-- 			<generate file="D:/erpHome/csc/{ss}/bpmn/batch/{srs}.bpmn" replace="true" /> -->
<!-- 			<template file="file/velocity/csc-bpmn-batch_3.0.vm"> -->
<!-- 				<parameter name="srs" value="MPJBCPOL" /> -->
<!-- 				<parameter name="srsname" value="採購系統批次資料同步作業(訂購)" /> -->
<!-- 			</template>			 -->
<!-- 		</target>	 -->
<!-- 		<target name="csc.bpmn.batch"> -->
<!-- 			<generate file="D:/erpHome/csc/{ss}/bpmn/batch/{srs}.bpmn" replace="true" /> -->
<!-- 			<template file="file/velocity/csc-bpmn-batch_2.0.vm"> -->
<!-- 				<parameter name="srs" value="MPJBL03" /> -->
<!-- 				<parameter name="srsname" value="牌價轉檔" /> -->
<!-- 				<parameter name="compId" value="0000" /> -->
<!-- 				<parameter name="poNo" value="90C1U1739" /> -->
<!-- 				<parameter name="itemEditNo" value="A" /> -->
<!-- 			</template>			 -->
<!-- 		</target>							 -->
<!-- 		<target name="csc.bpmn.batch"> -->
<!-- 			<generate file="D:/erpHome/csc/{ss}/bpmn/batch/{srs}.bpmn" replace="true" /> -->
<!-- 			<template file="file/velocity/csc-bpmn-batch_2.0.vm"> -->
<!-- 				<parameter name="srs" value="MPJBCPO" /> -->
<!-- 				<parameter name="srsname" value="訂單線上轉檔" /> -->
<!-- 				<parameter name="compId" value="0000" /> -->
<!-- 				<parameter name="type" value="PONO" /> -->
<!-- 				<parameter name="key" value="03C1L5996" /> -->
<!-- 			</template>			 -->
<!-- 		</target>	 -->
<!-- 		<target name="csc.bpmn.batch"> -->
<!-- 			<generate file="D:/erpHome/csc/{ss}/bpmn/batch/{srs}.bpmn" replace="true" /> -->
<!-- 			<template file="file/velocity/csc-bpmn-batch_3.0.vm"> -->
<!-- 				<parameter name="srs" value="MPJBF18" /> -->
<!-- 				<parameter name="srsname" value="歸檔管理-購案批次自動化上傳作業" /> -->
<!-- 			</template>			 -->
<!-- 		</target> -->
<!-- 		<target name="csc.bpmn.batch"> -->
<!-- 			<generate file="D:/erpHome/csc/{ss}/bpmn/batch/{srs}.bpmn" replace="true" /> -->
<!-- 			<template file="file/velocity/csc-bpmn-batch_3.0.vm"> -->
<!-- 				<parameter name="srs" value="MPJBL04" /> -->
<!-- 				<parameter name="srsname" value="逾期／將到期長期合約提醒表" /> -->
<!-- 			</template>			 -->
<!-- 		</target>		 -->
<!-- 		<target name="csc.bpmn.batch"> -->
<!-- 			<generate file="D:/erpHome/csc/{ss}/bpmn/batch/{srs}.bpmn" replace="true" /> -->
<!-- 			<template file="file/velocity/csc-bpmn-batch_3.0.vm"> -->
<!-- 				<parameter name="srs" value="MPJBL05" /> -->
<!-- 				<parameter name="srsname" value="長約數據提醒通報作業" /> -->
<!-- 			</template>			 -->
<!-- 		</target>		 -->
<!-- 		<target name="csc.bpmn.batch"> -->
<!-- 			<generate file="D:/erpHome/csc/{ss}/bpmn/batch/{srs}.bpmn" replace="true" /> -->
<!-- 			<template file="file/velocity/csc-bpmn-batch_3.0.vm"> -->
<!-- 				<parameter name="srs" value="MPJBL06" /> -->
<!-- 				<parameter name="srsname" value="長約執行率報表" /> -->
<!-- 			</template>			 -->
<!-- 		</target>	 -->
<!-- 		<target name="csc.bpmn.batch"> -->
<!-- 			<generate file="D:/erpHome/csc/{ss}/bpmn/batch/{srs}.bpmn" replace="true" /> -->
<!-- 			<template file="file/velocity/csc-bpmn-batch_3.0.vm"> -->
<!-- 				<parameter name="srs" value="MPJBL18" /> -->
<!-- 				<parameter name="srsname" value="長約調價管制提醒表" /> -->
<!-- 			</template>			 -->
<!-- 		</target>					 -->
<!-- 		<target name="csc.bpmn.batch"> -->
<!-- 			<generate file="D:/erpHome/csc/{ss}/bpmn/batch/{srs}.bpmn" replace="true" /> -->
<!-- 			<template file="file/velocity/csc-bpmn-batch_3.0.vm"> -->
<!-- 				<parameter name="srs" value="MPJBL20" /> -->
<!-- 				<parameter name="srsname" value="長約資料維護(TBMPO0L)作業" /> -->
<!-- 			</template>			 -->
<!-- 		</target>		 -->
<!-- 		<target name="csc.bpmn.batch"> -->
<!-- 			<generate file="D:/erpHome/csc/{ss}/bpmn/batch/{srs}.bpmn" replace="true" /> -->
<!-- 			<template file="file/velocity/csc-bpmn-batch_3.0.vm"> -->
<!-- 				<parameter name="srs" value="MPJBL20M" /> -->
<!-- 				<parameter name="srsname" value="長約料號索引維護及調價暫停作業(月作業:每月1日早)" /> -->
<!-- 			</template>			 -->
<!-- 		</target>	 -->
<!-- 		<target name="csc.bpmn.batch"> -->
<!-- 			<generate file="D:/erpHome/csc/{ss}/bpmn/batch/{srs}.bpmn" replace="true" /> -->
<!-- 			<template file="file/velocity/csc-bpmn-batch_3.0.vm"> -->
<!-- 				<parameter name="srs" value="MPJBMDB" /> -->
<!-- 				<parameter name="srsname" value="採購ERP WORK/PUBLIC FILE維護作業" /> -->
<!-- 			</template>			 -->
<!-- 		</target>	 -->
<!-- 		<target name="csc.bpmn.batch"> -->
<!-- 			<generate file="D:/erpHome/csc/{ss}/bpmn/batch/{srs}.bpmn" replace="true" /> -->
<!-- 			<template file="file/velocity/csc-bpmn-batch_3.0.vm"> -->
<!-- 				<parameter name="srs" value="MPJBMFI" /> -->
<!-- 				<parameter name="srsname" value="採購資料工作檔DB維護作業" /> -->
<!-- 			</template>			 -->
<!-- 		</target>	 -->
<!-- 		<target name="csc.bpmn.batch"> -->
<!-- 			<generate file="D:/erpHome/csc/{ss}/bpmn/batch/{srs}.bpmn" replace="true" /> -->
<!-- 			<template file="file/velocity/csc-bpmn-batch_3.0.vm"> -->
<!-- 				<parameter name="srs" value="MPJBO02" /> -->
<!-- 				<parameter name="srsname" value="訂購電郵處理作業" /> -->
<!-- 			</template>			 -->
<!-- 		</target>	 -->
<!-- 		<target name="csc.bpmn.batch"> -->
<!-- 			<generate file="D:/erpHome/csc/{ss}/bpmn/batch/{srs}.bpmn" replace="true" /> -->
<!-- 			<template file="file/velocity/csc-bpmn-batch_2.0.vm"> -->
<!-- 				<parameter name="srs" value="MPJBR03" /> -->
<!-- 				<parameter name="srsname" value="請購項次批次匯出作業" /> -->
<!-- 				<parameter name="compId" value="0000" /> -->
<!-- 				<parameter name="rqDept" value="F310" /> -->
<!-- 				<parameter name="rqNo" value="I21577" /> -->
<!-- 				<parameter name="jobNo" value="" /> -->
<!-- 				<parameter name="isCopy" value="N" /> -->
<!-- 			</template>			 -->
<!-- 		</target>			 -->
<!-- 		<target name="csc.bpmn.batch"> -->
<!-- 			<generate file="D:/erpHome/csc/{ss}/bpmn/batch/{srs}.bpmn" replace="true" /> -->
<!-- 			<template file="file/velocity/csc-bpmn-batch_3.0.vm"> -->
<!-- 				<parameter name="srs" value="MPJBSYNC" /> -->
<!-- 				<parameter name="srsname" value="採購系統批次資料同步作業(請購)" /> -->
<!-- 			</template>			 -->
<!-- 		</target>	 -->
<!-- 		<target name="csc.bpmn.batch"> -->
<!-- 			<generate file="D:/erpHome/csc/{ss}/bpmn/batch/{srs}.bpmn" replace="true" /> -->
<!-- 			<template file="file/velocity/csc-bpmn-batch_3.0.vm"> -->
<!-- 				<parameter name="srs" value="MPJBZI0" /> -->
<!-- 				<parameter name="srsname" value="物料採購分析資料彙整作業" /> -->
<!-- 			</template>			 -->
<!-- 		</target>	 -->
	</destination>
</codegenConfig>