<?xml version='1.1' encoding='UTF-8'?>
<!-- <!DOCTYPE codegenConfig SYSTEM "codegenConfig.dtd"> -->
<codegenConfig>
	<source>
		<table name="TBMQI00" db="host.db2" xls="D:/erpHome/csc/mq/dao/MQ_table_layout.xls" />
	</source>
	<!-- parameter srs 和 srsname 一定要 -->
	<!-- file/velocity/csc-bpmn-batch_1.0.vm @Deprecated, timerstartevent, 無參數 -->
	<!-- file/velocity/csc-bpmn-batch_2.0.vm            , startevent, 有參數 and 第一個必須為compId  -->
	<!-- file/velocity/csc-bpmn-batch_3.0.vm            , startevent, 無參數, 錯誤有訊息通報 -->
	<destination>
	
		<target name="csc.bpmn.batch">
			<generate file="D:/erpHome/csc/{ss}/bpmn/batch/{srs}.bpmn" replace="true" />
			<template file="file/velocity/csc-bpmn-batch_3.0.vm">
				<parameter name="srs" value="MQJBA00" />
				<parameter name="srsname" value="建議採購方式卡選商作業" />
			</template>
		</target>
		<target name="csc.bpmn.batch">
			<generate file="D:/erpHome/csc/{ss}/bpmn/batch/{srs}.bpmn" replace="true" />
			<template file="file/velocity/csc-bpmn-batch_3.0.vm">
				<parameter name="srs" value="MQJBA01" />
				<parameter name="srsname" value="HQ案自動詢價作業" />
			</template>
		</target>
		<target name="csc.bpmn.batch">
			<generate file="D:/erpHome/csc/{ss}/bpmn/batch/{srs}.bpmn" replace="true" />
			<template file="file/velocity/csc-bpmn-batch_3.0.vm">
				<parameter name="srs" value="MQJBA02" />
				<parameter name="srsname" value="LU案自動詢價作業" />
			</template>
		</target>
		<target name="csc.bpmn.batch">
			<generate file="D:/erpHome/csc/{ss}/bpmn/batch/{srs}.bpmn" replace="true" />
			<template file="file/velocity/csc-bpmn-batch_3.0.vm">
				<parameter name="srs" value="MQJBA03" />
				<parameter name="srsname" value="耐火材自動詢價作業" />
			</template>
		</target>
		<target name="csc.bpmn.batch">
			<generate file="D:/erpHome/csc/{ss}/bpmn/batch/{srs}.bpmn" replace="true" />
			<template file="file/velocity/csc-bpmn-batch_3.0.vm">
				<parameter name="srs" value="MQJBA05" />
				<parameter name="srsname" value="自動詢價選商剔除作業" />
			</template>
		</target>						
<!-- 		<target name="csc.bpmn.batch"> -->
<!-- 			<generate file="D:/erpHome/csc/{ss}/bpmn/batch/{srs}.bpmn" replace="true" /> -->
<!-- 			<template file="file/velocity/csc-bpmn-batch_3.0.vm"> -->
<!-- 				<parameter name="srs" value="MQJBE01" /> -->
<!-- 				<parameter name="srsname" value="電郵發送作業" /> -->
<!-- 			</template> -->
<!-- 		</target>	 -->
<!-- 		<target name="csc.bpmn.batch"> -->
<!-- 			<generate file="D:/erpHome/csc/{ss}/bpmn/batch/{srs}.bpmn" replace="true" /> -->
<!-- 			<template file="file/velocity/csc-bpmn-batch_3.0.vm"> -->
<!-- 				<parameter name="srs" value="MQJBE02" /> -->
<!-- 				<parameter name="srsname" value="電郵結果檢查及狀態更新作業" /> -->
<!-- 			</template> -->
<!-- 		</target>	 -->
<!-- 		<target name="csc.bpmn.batch"> -->
<!-- 			<generate file="D:/erpHome/csc/{ss}/bpmn/batch/{srs}.bpmn" replace="true" /> -->
<!-- 			<template file="file/velocity/csc-bpmn-batch_3.0.vm"> -->
<!-- 				<parameter name="srs" value="MQJBF01" /> -->
<!-- 				<parameter name="srsname" value="傳真發送作業" /> -->
<!-- 			</template> -->
<!-- 		</target>	 -->
<!-- 		<target name="csc.bpmn.batch"> -->
<!-- 			<generate file="D:/erpHome/csc/{ss}/bpmn/batch/{srs}.bpmn" replace="true" /> -->
<!-- 			<template file="file/velocity/csc-bpmn-batch_3.0.vm"> -->
<!-- 				<parameter name="srs" value="MQJBF02" /> -->
<!-- 				<parameter name="srsname" value="傳真結果檢查及狀態更新作業" /> -->
<!-- 			</template> -->
<!-- 		</target>							 -->
	
		<target name="csc.bpmn.batch">
			<generate file="D:/erpHome/csc/{ss}/bpmn/batch/{srs}.bpmn" replace="true" />
			<template file="file/velocity/csc-bpmn-batch_3.0.vm">
				<parameter name="srs" value="MQJBI01" />
				<parameter name="srsname" value="每日自動詢價資料複製作業" />
			</template>
		</target>		
		<target name="csc.bpmn.batch">
			<generate file="D:/erpHome/csc/{ss}/bpmn/batch/{srs}.bpmn" replace="true" />
			<template file="file/velocity/csc-bpmn-batch_3.0.vm">
				<parameter name="srs" value="MQJBI02" />
				<parameter name="srsname" value="電子商務詢價及索引更新作業" />
			</template>
		</target>		
		<target name="csc.bpmn.batch">
			<generate file="D:/erpHome/csc/{ss}/bpmn/batch/{srs}.bpmn" replace="true" />
			<template file="file/velocity/csc-bpmn-batch_3.0.vm">
				<parameter name="srs" value="MQJBI03A" />
				<parameter name="srsname" value="詢價附件資料處理" />
			</template>
		</target>				
		<target name="csc.bpmn.batch">
			<generate file="D:/erpHome/csc/{ss}/bpmn/batch/{srs}.bpmn" replace="true" />
			<template file="file/velocity/csc-bpmn-batch_3.0.vm">
				<parameter name="srs" value="MQJBI03B" />
				<parameter name="srsname" value="詢價傳真資料處理" />
			</template>
		</target>	
		<target name="csc.bpmn.batch">
			<generate file="D:/erpHome/csc/{ss}/bpmn/batch/{srs}.bpmn" replace="true" />
			<template file="file/velocity/csc-bpmn-batch_3.0.vm">
				<parameter name="srs" value="MQJBI03C" />
				<parameter name="srsname" value="詢價電郵資料處理" />
			</template>
		</target>	
		<target name="csc.bpmn.batch">
			<generate file="D:/erpHome/csc/{ss}/bpmn/batch/{srs}.bpmn" replace="true" />
			<template file="file/velocity/csc-bpmn-batch_3.0.vm">
				<parameter name="srs" value="MQJBI04" />
				<parameter name="srsname" value="詢價結果狀態更新與上電子商務批次作業" />
			</template>
		</target>	
		<target name="csc.bpmn.batch">
			<generate file="D:/erpHome/csc/{ss}/bpmn/batch/{srs}.bpmn" replace="true" />
			<template file="file/velocity/csc-bpmn-batch_3.0.vm">
				<parameter name="srs" value="MQJBI07" />
				<parameter name="srsname" value="議價電郵發送作業" />
			</template>
		</target>			
<!-- 		<target name="csc.bpmn.batch"> -->
<!-- 			<generate file="D:/erpHome/csc/{ss}/bpmn/batch/{srs}.bpmn" replace="true" /> -->
<!-- 			<template file="file/velocity/csc-bpmn-batch_2.0.vm"> -->
<!-- 				<parameter name="srs" value="MQJBI08" /> -->
<!-- 				<parameter name="srsname" value="議價開標作業" /> -->
<!-- 				<parameter name="compId" value="0000" /> -->
<!-- 				<parameter name="openTag" value="BLANK" /> -->
<!-- 				<parameter name="openDate" value="YYYYMMDD" /> -->
<!-- 			</template> -->
<!-- 		</target>							 -->
		<target name="csc.bpmn.batch">
			<generate file="D:/erpHome/csc/{ss}/bpmn/batch/{srs}.bpmn" replace="true" />
			<template file="file/velocity/csc-bpmn-batch_3.0.vm">
				<parameter name="srs" value="MQJBMP2GR" />
				<parameter name="srsname" value="國外詢價傳真列印作業" />
			</template>
		</target>		
		<target name="csc.bpmn.batch">
			<generate file="D:/erpHome/csc/{ss}/bpmn/batch/{srs}.bpmn" replace="true" />
			<template file="file/velocity/csc-bpmn-batch_3.0.vm">
				<parameter name="srs" value="MQJBMP2OR" />
				<parameter name="srsname" value="詢價開標印表作業" />
			</template>
		</target>			
		<target name="csc.bpmn.batch">
			<generate file="D:/erpHome/csc/{ss}/bpmn/batch/{srs}.bpmn" replace="true" />
			<template file="file/velocity/csc-bpmn-batch_3.0.vm">
				<parameter name="srs" value="MQJBMP21R" />
				<parameter name="srsname" value="採購方式卡列印作業" />
			</template>
		</target>			
		<target name="csc.bpmn.batch">
			<generate file="D:/erpHome/csc/{ss}/bpmn/batch/{srs}.bpmn" replace="true" />
			<template file="file/velocity/csc-bpmn-batch_3.0.vm">
				<parameter name="srs" value="MQJBMP25R" />
				<parameter name="srsname" value="建議採購方式卡列印作業" />
			</template>
		</target>			
		<target name="csc.bpmn.batch">
			<generate file="D:/erpHome/csc/{ss}/bpmn/batch/{srs}.bpmn" replace="true" />
			<template file="file/velocity/csc-bpmn-batch_3.0.vm">
				<parameter name="srs" value="MQJBO01" />
				<parameter name="srsname" value="詢價開標作業" />
			</template>
		</target>	
		<target name="csc.bpmn.batch">
			<generate file="D:/erpHome/csc/{ss}/bpmn/batch/{srs}.bpmn" replace="true" />
			<template file="file/velocity/csc-bpmn-batch_3.0.vm">
				<parameter name="srs" value="MQJBO02" />
				<parameter name="srsname" value="詢價開標資料檢核作業" />
			</template>
		</target>			
		<target name="csc.bpmn.batch">
			<generate file="D:/erpHome/csc/{ss}/bpmn/batch/{srs}.bpmn" replace="true" />
			<template file="file/velocity/csc-bpmn-batch_3.0.vm">
				<parameter name="srs" value="MQJBREREQ" />
				<parameter name="srsname" value="每日將TBMQI0x複製回TBMPQx" />
			</template>
		</target>			
		<target name="csc.bpmn.batch">
			<generate file="D:/erpHome/csc/{ss}/bpmn/batch/{srs}.bpmn" replace="true" />
			<template file="file/velocity/csc-bpmn-batch_3.0.vm">
				<parameter name="srs" value="MQJBT00" />
				<parameter name="srsname" value="更新未報價廠商資料" />
			</template>
		</target>	
		<target name="csc.bpmn.batch">
			<generate file="D:/erpHome/csc/{ss}/bpmn/batch/{srs}.bpmn" replace="true" />
			<template file="file/velocity/csc-bpmn-batch_3.0.vm">
				<parameter name="srs" value="MQJBT01" />
				<parameter name="srsname" value="國內催報價傳真處理作業" />
			</template>
		</target>			
		<target name="csc.bpmn.batch">
			<generate file="D:/erpHome/csc/{ss}/bpmn/batch/{srs}.bpmn" replace="true" />
			<template file="file/velocity/csc-bpmn-batch_3.0.vm">
				<parameter name="srs" value="MQJBT02" />
				<parameter name="srsname" value="國外催報價傳真處理作業" />
			</template>
		</target>	
			
	</destination>
</codegenConfig>