<?xml version='1.1' encoding='UTF-8'?>
<!-- <!DOCTYPE codegenConfig SYSTEM "codegenConfig.dtd"> -->
<codegenConfig>
	<source>
<!-- 		<table name="TBMQI10" db="host.db2" xls="D:/erpHome/csc/mq/dao/MQ_table_layout.xls" bean="RfqBean" /> -->
<!-- 		<table name="TBMQI11" db="host.db2" xls="D:/erpHome/csc/mq/dao/MQ_table_layout.xls" bean="RfqItemBean" /> -->
<!-- 		<table name="TBMQI12" db="host.db2" xls="D:/erpHome/csc/mq/dao/MQ_table_layout.xls" bean="RfqVendorBean" /> -->
<!-- 		<table name="TBMQI13" db="host.db2" xls="D:/erpHome/csc/mq/dao/MQ_table_layout.xls" bean="RfqPublicClassBean" /> -->
<!-- 		<table name="TBMQI14" db="host.db2" xls="D:/erpHome/csc/mq/dao/MQ_table_layout.xls" bean="RfqPublicClassStatBean" />	 -->
<!-- 		<table name="TBMQI20" db="host.db2" xls="D:/erpHome/csc/mq/dao/MQZ_table_layout.xls" bean="QuoteVendorBean" /> -->
<!-- 		<table name="TBMQI21" db="host.db2" xls="D:/erpHome/csc/mq/dao/MQZ_table_layout.xls" bean="QuoteVendorItemBean" /> -->
<!-- 		<table name="TBMQZ00" db="host.db2" xls="D:/erpHome/csc/mq/dao/MQZ_table_layout.xls" bean="LoginBean" /> -->
		<table name="TBMQZ01" db="host.db2" xls="D:/erpHome/csc/mq/dao/MQZ_table_layout.xls" bean="UseBean" />					
	</source>
	<destination>
		<target name="case.db.vo">
			<generate file="D:/erpHome/case/java-case-{ss}/src/main/java/com/csc/{ss}/db/vo/{SS}{TT}Vo.java" replace="true" />
			<template file="file/velocity/case-db-vo-template_1.0.vm">
				<parameter name="package" value="com.csc" />
				<parameter name="trim" value="true" />
			</template>
		</target>
		<target name="case.db.vo.base">
			<generate file="D:/erpHome/case/java-case-{ss}/src/main/java/com/csc/{ss}/db/vo/base/{SS}{TT}VoBase.java" replace="true" />
			<template file="file/velocity/case-db-vo-base-template_1.0.vm">
				<parameter name="package" value="com.csc" />
				<parameter name="trim" value="true" />
			</template>
		</target>
		<target name="case.db.sql.xml">
			<generate file="D:/erphome/case/java-case-{ss}/src/main/resources/com/csc/{ss}/db/sql/host/db2/TB{SS}{TT}.xml" replace="true" />
			<template file="file/velocity/case-db-sql-xml-template_1.0.vm">
				<parameter name="package" value="com.csc" />
				<parameter name="trim" value="true" />
			</template>
		</target>
		<target name="case.db.sql.xml.base">
			<generate file="D:/erphome/case/java-case-{ss}/src/main/resources/com/csc/{ss}/db/sql/host/db2/base/TB{SS}{TT}Base.xml" replace="true" />
			<template file="file/velocity/case-db-sql-xml-base-template_1.0.vm">
				<parameter name="package" value="com.csc" />
				<parameter name="trim" value="true" />
			</template>
		</target>
		<target name="case.api.dao">
			<generate file="D:/erpHome/case/java-case-{ss}/src/main/java/com/csc/{ss}/api/dao/{SS}{TT}Dao.java" replace="true" />
			<template file="file/velocity/case-api-dao-template_1.0.vm">
				<parameter name="package" value="com.csc" />
				<parameter name="trim" value="true" />
			</template>
		</target>
		<target name="case.api.dao.base">
			<generate file="D:/erpHome/case/java-case-{ss}/src/main/java/com/csc/{ss}/api/dao/base/{SS}{TT}DaoBase.java" replace="true" />
			<template file="file/velocity/case-api-dao-base-template_1.0.vm">
				<parameter name="package" value="com.csc" />
				<parameter name="trim" value="true" />
			</template>
		</target>
		<target name="case.bean">
			<generate file="D:/erpHome/case/java-case-{ss}/src/main/java/com/csc/{ss}/api/model/{SS}{bb}.java" replace="true" />
			<template file="file/velocity/case-bean-template_1.0.vm">
				<parameter name="package" value="com.csc.ms.api.model" />
				<parameter name="trim" value="true" />
			</template>
		</target>	
		<target name="case.bean.base">
			<generate file="D:/erpHome/case/java-case-{ss}/src/main/java/com/csc/{ss}/api/model/base/{SS}{bb}Base.java" replace="true" />
			<template file="file/velocity/case-bean-base-template_1.0.vm">
				<parameter name="package" value="com.csc.ms.api.model.base" />
				<parameter name="trim" value="true" />
			</template>
		</target>	
		<target name="csc.host.db2.ddl">
			<generate file="D:/erpHome/case/java-case-{ss}/dao/sql/{SS}.TB{SS}{TT}-CSC.sql" replace="true" encoding="big5" />
			<template file="file/velocity/csc-host-db2-ddl_1.0.vm">
				<parameter name="package" value="com.icsc" />
				<parameter name="trim" value="true" />
			</template>
		</target>	
		<target name="case.api.api">
			<generate file="D:/erpHome/case/java-case-{ss}/src/main/java/com/csc/{ss}/api/{SS}{bb}API.java" replace="false" />
			<template file="file/velocity/case-api-api-template_1.0.vm">
				<parameter name="package" value="com.csc.ms.api" />
				<parameter name="trim" value="true" />
			</template>
		</target>	
<!-- 改用case.api.impl.base, case.api.impl可以不用了 -->			
<!-- 		<target name="case.api.impl"> -->
<!-- 			<generate file="D:/erpHome/case/java-case-{ss}/src/main/java/com/csc/{ss}/api/impl/{SS}{bb}Impl.java" replace="false" /> -->
<!-- 			<template file="file/velocity/case-api-impl-template_1.0.vm"> -->
<!-- 				<parameter name="package" value="com.csc.ms.api.impl" /> -->
<!-- 				<parameter name="trim" value="true" /> -->
<!-- 			</template> -->
<!-- 		</target>		 -->
		<target name="case.api.impl.base">
			<generate file="D:/erpHome/case/java-case-{ss}/src/main/java/com/csc/{ss}/api/impl/base/{SS}{bb}ImplBase.java" replace="true" />
			<template file="file/velocity/case-api-impl-base-template_1.0.vm">
				<parameter name="package" value="com.csc.ms.api.impl.base" />
				<parameter name="trim" value="true" />
			</template>
		</target>				
	</destination>
</codegenConfig>