<?xml version='1.1' encoding='UTF-8'?>
<!-- <!DOCTYPE codegenConfig SYSTEM "codegenConfig.dtd"> -->
<codegenConfig>
	<source>
<!-- 		<table name="TBMQI15" db="host.db2" xls="D:/erpHome/csc/mq/dao/MQ_table_layout.xls" bean="MemoBean" /> -->
<!-- 		<table name="TBMQI20" db="host.db2" xls="D:/erpHome/csc/mq/dao/MQ_table_layout.xls" bean="QuoteVendorBean" /> -->
<!-- 		<table name="TBMQI21" db="host.db2" xls="D:/erpHome/csc/mq/dao/MQ_table_layout.xls" bean="QuoteVendorItemBean" /> -->
<!-- 		<table name="TBMQI30" db="host.db2" xls="D:/erpHome/csc/mq/dao/MQ_table_layout.xls" bean="OpenBean" /> -->
<!-- 		<table name="TBMQI31" db="host.db2" xls="D:/erpHome/csc/mq/dao/MQ_table_layout.xls" bean="OpenItemBean" /> -->
<!-- 		<table name="TBMQI33" db="host.db2" xls="D:/erpHome/csc/mq/dao/MQ_table_layout.xls" bean="OpenVendorBean" /> -->
<!-- 		<table name="TBMQI34" db="host.db2" xls="D:/erpHome/csc/mq/dao/MQ_table_layout.xls" bean="OpenVendorItemBean" />		 -->
<!-- 		<table name="TBMQI10" db="host.db2" xls="D:/erpHome/csc/mq/dao/MQ_table_layout.xls" bean="RfqBean" /> -->
<!-- 		<table name="TBMQI11" db="host.db2" xls="D:/erpHome/csc/mq/dao/MQ_table_layout.xls" bean="RfqItemBean" /> -->
<!--		<table name="TBMQI12" db="host.db2" xls="D:/erpHome/csc/mq/dao/MQ_table_layout.xls" bean="RfqVendorBean" /> -->
<!-- 		<table name="TBMQI13" db="host.db2" xls="D:/erpHome/csc/mq/dao/MQ_table_layout.xls" bean="RfqPublicClassBean" /> -->
<!-- 		<table name="TBMQI14" db="host.db2" xls="D:/erpHome/csc/mq/dao/MQ_table_layout.xls" bean="RfqPublicClassStatBean" />		 -->
 		<table name="TBMQI00" db="host.db2" xls="D:/erpHome/csc/mq/dao/MQ_table_layout.xls" bean="ReqBean" /> 
		<table name="TBMQI01" db="host.db2" xls="D:/erpHome/csc/mq/dao/MQ_table_layout.xls" bean="ReqVendorBean" />
		<table name="TBMQI02" db="host.db2" xls="D:/erpHome/csc/mq/dao/MQ_table_layout.xls" bean="ReqItemSetBean" />
		<table name="TBMQI03" db="host.db2" xls="D:/erpHome/csc/mq/dao/MQ_table_layout.xls" bean="ReqItemBean" />
<!-- 		<table name="TBMQW00" db="host.db2" xls="D:/erpHome/csc/mq/dao/MQ_table_layout.xls" bean="MQW00Bean" /> -->
<!-- 		<table name="TBMQZ00" db="host.db2" xls="D:/erpHome/csc/mq/dao/MQZ_table_layout.xls" bean="LoginBean" /> -->
<!-- 		<table name="TBMQZ01" db="host.db2" xls="D:/erpHome/csc/mq/dao/MQZ_table_layout.xls" bean="UseBean" />					 -->

	</source>
	<destination>
		<target name="csc.dao">
			<generate file="D:/erpHome/csc/{ss}/src/com/icsc/{ss}/dao/{ss}jc{TT}DAO.java" replace="true" />
			<template file="file/velocity/csc-dao-template.vm">
				<parameter name="package" value="com.icsc" />
				<parameter name="trim" value="true" />
			</template>
		</target>
		<target name="csc.vo">
			<generate file="D:/erpHome/csc/{ss}/src/com/icsc/{ss}/dao/{ss}jc{TT}VO.java" replace="true" />
			<template file="file/velocity/csc-vo-template.vm">
				<parameter name="package" value="com.icsc" />
				<parameter name="trim" value="true" />
			</template>
		</target>
		<target name="csc.dao.ext">
			<generate file="D:/erpHome/csc/{ss}/src/com/icsc/{ss}/dao/ext/{ss}jc{TT}DAOx.java" replace="false" />
			<template file="file/velocity/csc-dao-ext-template.vm">
				<parameter name="package" value="com.icsc" />
				<parameter name="trim" value="true" />
			</template>
		</target>
<!-- 		<target name="csc.host.db2.ddl"> -->
<!-- 			<generate file="D:/erpHome/csc/{ss}/dao/sql/{SS}.TB{SS}{TT}-CSC.sql" replace="true" encoding="big5" /> -->
<!-- 			<template file="file/velocity/csc-host-db2-ddl_1.0.vm"> -->
<!-- 				<parameter name="package" value="com.icsc" /> -->
<!-- 				<parameter name="trim" value="true" /> -->
<!-- 			</template> -->
<!-- 		</target> -->
		<target name="csc.bean">
			<generate file="D:/erpHome/csc/{ss}/src/com/icsc/{ss}/api/bean/{ss}jc{bb}.java" replace="true" />
			<template file="file/velocity/csc-bean-template.vm">
				<parameter name="package" value="com.icsc.mq.api.bean" />
				<parameter name="trim" value="true" />
			</template>
		</target>	
		<target name="csc.bean.base">
			<generate file="D:/erpHome/csc/{ss}/src/com/icsc/{ss}/api/bean/base/{ss}jc{bb}Base.java" replace="true" />
			<template file="file/velocity/csc-bean-base-template.vm">
				<parameter name="package" value="com.icsc.mq.api.bean.base" />
				<parameter name="trim" value="true" />
			</template>
		</target>	
		<target name="csc.api.base">
			<generate
				file="D:/erpHome/csc/{ss}/src/com/icsc/{ss}/api/base/{ss}jcApi{bb}Base.java"
				replace="true" />
			<template file="file/velocity/csc-api-base-template.vm">
				<parameter name="package" value="com.icsc.mq.api.base" />
				<parameter name="trim" value="true" />
			</template>
		</target>				
			
	</destination>
</codegenConfig>