<?xml version='1.1' encoding='UTF-8'?>
<!-- <!DOCTYPE codegenConfig SYSTEM "codegenConfig.dtd"> -->
<codegenConfig>
	<!-- 注意: table不用改 -->
	<source>
		<table name="TBMQZ00" db="host.db2" xls="D:/erpHome/csc/mq/dao/MQZ_table_layout.xls" bean="LoginBean" />
	</source>
	<!-- 注意: 要改operationId及programId, programId有大小寫兩種 -->
	<destination>
		<target name="mqz.mqz.js.angular.controller">
			<generate file="D:/erpHome/case/java-case-mqz/webapp/resources/mqz/javascripts/{programId}/{programId}Ctrl.js" replace="false" />
			<template file="file/velocity/mqz-mqz-js-angular-controller_1.0.vm">
				<parameter name="programId" value="mqzs4" />
			</template>
		</target>
		<target name="mqz.mqz.jsp">
			<generate file="D:/erpHome/case/java-case-mqz/webapp/WEB-INF/views/mqz/{operationId}/{programId}.jsp" replace="false" />
			<template file="file/velocity/mqz-mqz-jsp_1.0.vm">
				<parameter name="operationId" value="invite" />
				<parameter name="programId" value="mqzs4" />
			</template>
		</target>

		<target name="mqz.mqz.web.rule">
			<generate file="D:/erpHome/case/java-case-mqz/src/main/java/com/csc/mqz/web/{operationId}/{programId}Rule.java" replace="false" />
			<template file="file/velocity/mqz-mqz-web-rule_1.0.vm">
				<parameter name="operationId" value="invite" />
				<parameter name="programId" value="MQZS4" />
			</template>
		</target>
		<target name="mqz.mqz.web.controller">
			<generate file="D:/erpHome/case/java-case-mqz/src/main/java/com/csc/mqz/web/{operationId}/{programId}Controller.java" replace="false" />
			<template file="file/velocity/mqz-mqz-web-controller_1.0.vm">
				<parameter name="operationId" value="invite" />
				<parameter name="programId" value="MQZS4" />
			</template>
		</target>
		<target name="mqz.mqz.web.model">
			<generate file="D:/erpHome/case/java-case-mqz/src/main/java/com/csc/mqz/web/model/{programId}Model.java" replace="false" />
			<template file="file/velocity/mqz-mqz-web-model_1.0.vm">
				<parameter name="programId" value="MQZS4" />
			</template>
		</target>
	<!-- 注意: Model mqz/mq和放一份,後續有修訂則由mqz copy到mq -->
		<target name="mqz.mq.web.model">
			<generate file="D:/erpHome/csc/{ss}/src/com/csc/mqz/web/model/{programId}Model.java" replace="false" />
			<template file="file/velocity/mqz-mqz-web-model_1.0.vm">
				<parameter name="programId" value="MQZS4" />
			</template>
		</target>
		<target name="mqz.mq.service">
			<generate file="D:/erpHome/csc/{ss}/src/com/icsc/{ss}/service/mqz/mqjc{programId}Service.java" replace="false" />
			<template file="file/velocity/mqz-mq-service_1.0.vm">
				<parameter name="programId" value="MQZS4" />
			</template>
		</target>
		<target name="mqz.mq.webserice">
			<generate file="D:/erpHome/csc/{ss}/src/com/icsc/{ss}/service/mqjc{programId}WebService.java" replace="true" />
			<template file="file/velocity/mqz-mq-webservice_1.0.vm">
				<parameter name="programId" value="MQZS4" />
			</template>
		</target>
	</destination>
</codegenConfig>