<?xml version='1.1' encoding='UTF-8'?>
<!-- <!DOCTYPE codegenConfig SYSTEM "codegenConfig.dtd"> -->
<codegenConfig>
	<source>
		<table name="TBMRD1" db="host.db2" xls="D:/erpHome/case/java-case-mr/dao/MR_table_layout.xls" bean="dscMtrlQtyBean" />
	</source>
	<destination>
		<target name="case.db.vo">
			<generate file="D:/erpHome/case/java-case-{ss}/src/main/java/com/csc/{ss}/db/vo/{SS}{TT}Vo.java" replace="true" />
			<template file="file/velocity/case-db-vo-template_1.0.vm">
				<parameter name="package" value="com.csc" />
				<parameter name="trim" value="true" />
			</template>
		</target>
		<target name="case.db.vo.base">
			<generate file="D:/erpHome/case/java-case-{ss}/src/main/java/com/csc/{ss}/db/vo/base/{SS}{TT}VoBase.java" replace="true" />
			<template file="file/velocity/case-db-vo-base-template_1.0.vm">
				<parameter name="package" value="com.csc" />
				<parameter name="trim" value="true" />
			</template>
		</target>
		<target name="case.db.sql.xml">
			<generate file="D:/erphome/case/java-case-{ss}/src/main/resources/com/csc/{ss}/db/sql/host/db2/TB{SS}{TT}.xml" replace="true" />
			<template file="file/velocity/case-db-sql-xml-template_1.0.vm">
				<parameter name="package" value="com.csc" />
				<parameter name="trim" value="true" />
			</template>
		</target>
		<target name="case.db.sql.xml.base">
			<generate file="D:/erphome/case/java-case-{ss}/src/main/resources/com/csc/{ss}/db/sql/host/db2/base/TB{SS}{TT}Base.xml" replace="true" />
			<template file="file/velocity/case-db-sql-xml-base-template_1.0.vm">
				<parameter name="package" value="com.csc" />
				<parameter name="trim" value="true" />
			</template>
		</target>
		<target name="case.api.dao">
			<generate file="D:/erpHome/case/java-case-{ss}/src/main/java/com/csc/{ss}/api/dao/{SS}{TT}Dao.java" replace="true" />
			<template file="file/velocity/case-api-dao-template_1.0.vm">
				<parameter name="package" value="com.csc" />
				<parameter name="trim" value="true" />
			</template>
		</target>
		<target name="case.api.dao.base">
			<generate file="D:/erpHome/case/java-case-{ss}/src/main/java/com/csc/{ss}/api/dao/base/{SS}{TT}DaoBase.java" replace="true" />
			<template file="file/velocity/case-api-dao-base-template_1.0.vm">
				<parameter name="package" value="com.csc" />
				<parameter name="trim" value="true" />
			</template>
		</target>
		<target name="case.bean">
			<generate file="D:/erpHome/case/java-case-{ss}/src/main/java/com/csc/{ss}/api/model/{SS}{bb}.java" replace="true" />
			<template file="file/velocity/case-bean-template_1.0.vm">
				<parameter name="package" value="com.csc.mr.api.model" />
				<parameter name="trim" value="true" />
			</template>
		</target>	
		<target name="case.bean.base">
			<generate file="D:/erpHome/case/java-case-{ss}/src/main/java/com/csc/{ss}/api/model/base/{SS}{bb}Base.java" replace="true" />
			<template file="file/velocity/case-bean-base-template_1.0.vm">
				<parameter name="package" value="com.csc.mr.api.model.base" />
				<parameter name="trim" value="true" />
			</template>
		</target>	
		<target name="csc.host.db2.ddl">
			<generate file="D:/erpHome/case/java-case-{ss}/dao/sql/{SS}.TB{SS}{TT}-CSC.sql" replace="true" encoding="big5" />
			<template file="file/velocity/csc-host-db2-ddl_1.0.vm">
				<parameter name="package" value="com.icsc" />
				<parameter name="trim" value="true" />
			</template>
		</target>
	</destination>
</codegenConfig>