<?xml version='1.1' encoding='UTF-8'?>
<!-- <!DOCTYPE codegenConfig SYSTEM "codegenConfig.dtd"> -->
<codegenConfig>
	<source>
<!-- 		<table name="TBMSM0" db="host.db2" xls="D:/erpHome/csc/ms/dao/MS_old_table_layout.xls" /> -->
<!-- 		<table name="TBMSM1" db="host.db2" xls="D:/erpHome/csc/ms/dao/MS_old_table_layout.xls" /> -->
<!-- 		<table name="TBMSMA" db="host.db2" xls="D:/erpHome/csc/ms/dao/MS_old_table_layout.xls" /> -->
<!-- 		<table name="TBMSM00" db="host.db2" xls="D:/erpHome/csc/ms/dao/MS_table_layout.xls" bean="VendorBean" /> -->
<!-- 		<table name="TBMSM01" db="host.db2" xls="D:/erpHome/csc/ms/dao/MS_table_layout.xls" bean="VendorPayBean" /> -->
<!-- 		<table name="TBMSM02" db="host.db2" xls="D:/erpHome/csc/ms/dao/MS_table_layout.xls" bean="VendorRejBean" /> -->
<!-- 		<table name="TBMSM03" db="host.db2" xls="D:/erpHome/csc/ms/dao/MS_table_layout.xls" bean="VendorMarkBean" /> -->
<!-- 		<table name="TBMSM06" db="host.db2" xls="D:/erpHome/csc/ms/dao/MS_table_layout.xls" bean="VendorClassBean" /> -->
<!-- 		<table name="TBMSV00" db="host.db2" xls="D:/erpHome/csc/ms/dao/MSV_table_layout.xls" bean="CommonBean" /> -->
<!-- 		<table name="TBMSV01" db="host.db2" xls="D:/erpHome/csc/ms/dao/MSV_table_layout.xls" bean="CommonPayBean" /> -->
<!-- 		<table name="TBMSV02" db="host.db2" xls="D:/erpHome/csc/ms/dao/MSV_table_layout.xls" bean="CommonContactBean" /> -->
<!-- 		<table name="TBMSV03" db="host.db2" xls="D:/erpHome/csc/ms/dao/MSV_table_layout.xls" bean="CountryBean"/> -->
<!-- 		<table name="TBMSV04" db="host.db2" xls="D:/erpHome/csc/ms/dao/MSV_table_layout.xls" bean="CountryCodeBean"/> -->
<!-- 		<table name="TBMSV05" db="host.db2" xls="D:/erpHome/csc/ms/dao/MSV_table_layout.xls" bean="CommonRejectBean" /> -->
<!-- 		<table name="TBMSV06" db="host.db2" xls="D:/erpHome/csc/ms/dao/MSV_table_layout.xls" bean="CommonRelationBean" /> -->
<!-- 		<table name="TBMSM05" db="host.db2" xls="D:/erpHome/csc/ms/dao/MS_table_layout.xls" bean="BanBean" />  -->
		<table name="TBMP2S" db="host.db2" xls="D:/erpHome/csc/mp/dao/MP_OLD_table_layout.xls" project="ms" /> 
	</source>
	<destination>
		<target name="csc.dao">
			<generate file="D:/erpHome/csc/{pp}/src/com/icsc/{pp}/dao/{pp}jc{TT}DAO.java" replace="true" />
			<template file="file/velocity/csc-dao-template.vm">
				<parameter name="package" value="com.icsc" />
				<parameter name="trim" value="true" />
			</template>
		</target>
		<target name="csc.vo">
			<generate file="D:/erpHome/csc/{pp}/src/com/icsc/{pp}/dao/{pp}jc{TT}VO.java" replace="true" />
			<template file="file/velocity/csc-vo-template.vm">
				<parameter name="package" value="com.icsc" />
				<parameter name="trim" value="true" />
			</template>
		</target>
		<target name="csc.dao.ext">
			<generate file="D:/erpHome/csc/{pp}/src/com/icsc/{pp}/dao/ext/{pp}jc{TT}DAOx.java" replace="false" />
			<template file="file/velocity/csc-dao-ext-template.vm">
				<parameter name="package" value="com.icsc" />
				<parameter name="trim" value="true" />
			</template>
		</target>
<!-- 		<target name="csc.host.db2.ddl"> -->
<!-- 			<generate file="D:/erpHome/csc/{pp}/dao/sql/{pp}.TB{SS}{TT}-CSC.sql" replace="true" encoding="big5" /> -->
<!-- 			<template file="file/velocity/csc-host-db2-ddl_1.0.vm"> -->
<!-- 				<parameter name="package" value="com.icsc" /> -->
<!-- 				<parameter name="trim" value="true" /> -->
<!-- 			</template> -->
<!-- 		</target> -->
<!-- 		<target name="csc.bean"> -->
<!-- 			<generate file="D:/erpHome/csc/{pp}/src/com/icsc/{pp}/api/bean/{pp}jc{bb}.java" replace="true" /> -->
<!-- 			<template file="file/velocity/csc-bean-template.vm"> -->
<!-- 				<parameter name="package" value="com.icsc.ms.api.bean" /> -->
<!-- 				<parameter name="trim" value="true" /> -->
<!-- 			</template> -->
<!-- 		</target>	 -->
<!-- 		<target name="csc.bean.base"> -->
<!-- 			<generate file="D:/erpHome/csc/{pp}/src/com/icsc/{pp}/api/bean/base/{pp}jc{bb}Base.java" replace="true" /> -->
<!-- 			<template file="file/velocity/csc-bean-base-template.vm"> -->
<!-- 				<parameter name="package" value="com.icsc.ms.api.bean.base" /> -->
<!-- 				<parameter name="trim" value="true" /> -->
<!-- 			</template> -->
<!-- 		</target> -->
<!-- 		<target name="csc.api.base"> -->
<!-- 			<generate file="D:/erpHome/csc/{pp}/src/com/icsc/{pp}/api/base/{pp}jcApi{bb}Base.java" replace="true" /> -->
<!-- 			<template file="file/velocity/csc-api-base-template.vm"> -->
<!-- 				<parameter name="package" value="com.icsc.ms.api.base" /> -->
<!-- 				<parameter name="trim" value="true" /> -->
<!-- 			</template> -->
<!-- 		</target>		 -->
			
	</destination>
</codegenConfig>