<?xml version='1.1' encoding='UTF-8'?>
<!-- <!DOCTYPE codegenConfig SYSTEM "codegenConfig.dtd"> -->
<codegenConfig>
	<source>
<!-- 		<table name="TBMSM00" db="host.db2" xls="D:/erpHome/csc/ms/dao/MS_table_layout.xls" bean="VendorBean" /> -->
<!-- 		<table name="TBMSM01" db="host.db2" xls="D:/erpHome/csc/ms/dao/MS_table_layout.xls" bean="VendorPayBean" /> -->
<!-- 		<table name="TBMSM02" db="host.db2" xls="D:/erpHome/csc/ms/dao/MS_table_layout.xls" bean="VendorRejBean" /> -->
<!-- 		<table name="TBMSM03" db="host.db2" xls="D:/erpHome/csc/ms/dao/MS_table_layout.xls" bean="VendorMarkBean" /> -->
<!-- 		<table name="TBMSM06" db="host.db2" xls="D:/erpHome/csc/ms/dao/MS_table_layout.xls" bean="VendorClassBean" /> -->
		<table name="TBMSV00" db="host.db2" xls="D:/erpHome/csc/ms/dao/MSV_table_layout.xls" bean="CommonBean" />
		<table name="TBMSV01" db="host.db2" xls="D:/erpHome/csc/ms/dao/MSV_table_layout.xls" bean="CommonPayBean" />
		<table name="TBMSV02" db="host.db2" xls="D:/erpHome/csc/ms/dao/MSV_table_layout.xls" bean="CommonContactBean" />
<!-- 		<table name="TBMSV03" db="host.db2" xls="D:/erpHome/csc/ms/dao/MSV_table_layout.xls" bean="CountryBean" /> -->
		<table name="TBMSV05" db="host.db2" xls="D:/erpHome/csc/ms/dao/MSV_table_layout.xls" bean="CommonRejectBean" />
		<table name="TBMSV06" db="host.db2" xls="D:/erpHome/csc/ms/dao/MSV_table_layout.xls" bean="CommonRelationBean" />
	</source>
	<destination>
		<target name="case.db.vo">
			<generate file="D:/erpHome/case/java-case-{ss}/src/main/java/com/csc/{ss}/db/vo/{SS}{TT}Vo.java" replace="true" />
			<template file="file/velocity/case-db-vo-template_1.0.vm">
				<parameter name="package" value="com.csc" />
				<parameter name="trim" value="true" />
			</template>
		</target>
		<target name="case.db.vo.base">
			<generate file="D:/erpHome/case/java-case-{ss}/src/main/java/com/csc/{ss}/db/vo/base/{SS}{TT}VoBase.java" replace="true" />
			<template file="file/velocity/case-db-vo-base-template_1.0.vm">
				<parameter name="package" value="com.csc" />
				<parameter name="trim" value="true" />
			</template>
		</target>
		<target name="case.db.sql.xml">
			<generate file="D:/erphome/case/java-case-{ss}/src/main/resources/com/csc/{ss}/db/sql/host/db2/TB{SS}{TT}.xml" replace="true" />
			<template file="file/velocity/case-db-sql-xml-template_1.0.vm">
				<parameter name="package" value="com.csc" />
				<parameter name="trim" value="true" />
			</template>
		</target>
		<target name="case.db.sql.xml.base">
			<generate file="D:/erphome/case/java-case-{ss}/src/main/resources/com/csc/{ss}/db/sql/host/db2/base/TB{SS}{TT}Base.xml" replace="true" />
			<template file="file/velocity/case-db-sql-xml-base-template_1.0.vm">
				<parameter name="package" value="com.csc" />
				<parameter name="trim" value="true" />
			</template>
		</target>
		<target name="case.api.dao">
			<generate file="D:/erpHome/case/java-case-{ss}/src/main/java/com/csc/{ss}/api/dao/{SS}{TT}Dao.java" replace="true" />
			<template file="file/velocity/case-api-dao-template_1.0.vm">
				<parameter name="package" value="com.csc" />
				<parameter name="trim" value="true" />
			</template>
		</target>
		<target name="case.api.dao.base">
			<generate file="D:/erpHome/case/java-case-{ss}/src/main/java/com/csc/{ss}/api/dao/base/{SS}{TT}DaoBase.java" replace="true" />
			<template file="file/velocity/case-api-dao-base-template_1.0.vm">
				<parameter name="package" value="com.csc" />
				<parameter name="trim" value="true" />
			</template>
		</target>
		<target name="case.bean">
			<generate file="D:/erpHome/case/java-case-{ss}/src/main/java/com/csc/{ss}/api/model/{SS}{bb}.java" replace="true" />
			<template file="file/velocity/case-bean-template_1.0.vm">
				<parameter name="package" value="com.csc.ms.api.model" />
				<parameter name="trim" value="true" />
			</template>
		</target>	
		<target name="case.bean.base">
			<generate file="D:/erpHome/case/java-case-{ss}/src/main/java/com/csc/{ss}/api/model/base/{SS}{bb}Base.java" replace="true" />
			<template file="file/velocity/case-bean-base-template_1.0.vm">
				<parameter name="package" value="com.csc.ms.api.model.base" />
				<parameter name="trim" value="true" />
			</template>
		</target>	
		<target name="csc.host.db2.ddl">
			<generate file="D:/erpHome/case/java-case-{ss}/dao/sql/{SS}.TB{SS}{TT}-CSC.sql" replace="true" encoding="big5" />
			<template file="file/velocity/csc-host-db2-ddl_1.0.vm">
				<parameter name="package" value="com.icsc" />
				<parameter name="trim" value="true" />
			</template>
		</target>	
		<target name="case.api.api">
			<generate file="D:/erpHome/case/java-case-{ss}/src/main/java/com/csc/{ss}/api/{SS}{bb}API.java" replace="false" />
			<template file="file/velocity/case-api-api-template_1.0.vm">
				<parameter name="package" value="com.csc.ms.api" />
				<parameter name="trim" value="true" />
			</template>
		</target>	
<!-- 改用case.api.impl.base, case.api.impl可以不用了 -->			
<!-- 		<target name="case.api.impl"> -->
<!-- 			<generate file="D:/erpHome/case/java-case-{ss}/src/main/java/com/csc/{ss}/api/impl/{SS}{bb}Impl.java" replace="false" /> -->
<!-- 			<template file="file/velocity/case-api-impl-template_1.0.vm"> -->
<!-- 				<parameter name="package" value="com.csc.ms.api.impl" /> -->
<!-- 				<parameter name="trim" value="true" /> -->
<!-- 			</template> -->
<!-- 		</target>		 -->
		<target name="case.api.impl.base">
			<generate file="D:/erpHome/case/java-case-{ss}/src/main/java/com/csc/{ss}/api/impl/base/{SS}{bb}ImplBase.java" replace="true" />
			<template file="file/velocity/case-api-impl-base-template_1.0.vm">
				<parameter name="package" value="com.csc.ms.api.impl.base" />
				<parameter name="trim" value="true" />
			</template>
		</target>				
	</destination>
</codegenConfig>