<?xml version='1.1' encoding='UTF-8'?>
<!-- <!DOCTYPE codegenConfig SYSTEM "codegenConfig.dtd"> -->
<codegenConfig>
	<source>
		<table name="TBMSV00" db="host.db2" xls="D:/erpHome/csc/ms/dao/MSV_table_layout.xls" bean="CommonBean" />
	</source>
	<!-- parameter srs 和 srsname 一定要 -->
	<!-- file/velocity/csc-bpmn-batch_1.0.vm @Deprecated, timerstartevent, 無參數 -->
	<!-- file/velocity/csc-bpmn-batch_2.0.vm            , startevent, 有參數 and 第一個必須為compId  -->
	<!-- file/velocity/csc-bpmn-batch_3.0.vm            , startevent, 無參數, 錯誤有訊息通報 -->
	<destination>
		<target name="csc.bpmn.batch">
			<generate file="D:/erpHome/csc/{ss}/bpmn/batch/{srs}.bpmn" replace="true" />
			<template file="file/velocity/csc-bpmn-batch_3.0.vm">
				<parameter name="srs" value="MSJBU01" />
				<parameter name="srsname" value="供應商停權資料轉檔及檢核作業" />
			</template>
		</target>	
		<target name="csc.bpmn.batch">
			<generate file="D:/erpHome/csc/{ss}/bpmn/batch/{srs}.bpmn" replace="true" />
			<template file="file/velocity/csc-bpmn-batch_3.0.vm">
				<parameter name="srs" value="MSJBU03" />
				<parameter name="srsname" value="供應商主檔統計資料更新與類別維護作業" />
			</template>
		</target>	
		<target name="csc.bpmn.batch">
			<generate file="D:/erpHome/csc/{ss}/bpmn/batch/{srs}.bpmn" replace="true" />
			<template file="file/velocity/csc-bpmn-batch_3.0.vm">
				<parameter name="srs" value="MSJBU04" />
				<parameter name="srsname" value="供應商公開招標類別統計資料更新作業" />
			</template>
		</target>	
	</destination>
</codegenConfig>