<NotepadPlus>
	<UserLang name="Velocity (IX6)" ext="vm" udlVersion="2.1">
		<Settings>
			<Global caseIgnored="no" allowFoldOfComments="no" foldCompact="no"
				forcePureLC="0" decimalSeparator="0" />
			<Prefix Keywords1="no" Keywords2="no" Keywords3="no"
				Keywords4="yes" Keywords5="no" Keywords6="no" Keywords7="no"
				Keywords8="no" />
		</Settings>
		<KeywordLists>
			<Keywords name="Comments">03#* 04*# 00## 01 02</Keywords>
			<Keywords name="Numbers, prefix1"></Keywords>
			<Keywords name="Numbers, prefix2"></Keywords>
			<Keywords name="Numbers, extras1"></Keywords>
			<Keywords name="Numbers, extras2"></Keywords>
			<Keywords name="Numbers, suffix1"></Keywords>
			<Keywords name="Numbers, suffix2"></Keywords>
			<Keywords name="Numbers, range"></Keywords>
			<Keywords name="Operators1">( ) != =</Keywords>
			<Keywords name="Operators2"></Keywords>
			<Keywords name="Folders in code1, open">#if #foreach #macro #{if}</Keywords>
			<Keywords name="Folders in code1, middle">#else</Keywords>
			<Keywords name="Folders in code1, close">#end #{end}</Keywords>
			<Keywords name="Folders in code2, open"></Keywords>
			<Keywords name="Folders in code2, middle"></Keywords>
			<Keywords name="Folders in code2, close"></Keywords>
			<Keywords name="Folders in comment, open"></Keywords>
			<Keywords name="Folders in comment, middle"></Keywords>
			<Keywords name="Folders in comment, close"></Keywords>
			<Keywords name="Keywords1">#break #elseif #else #evaluate #set #include
				#parse #stop #template in class</Keywords>
			<Keywords name="Keywords2"></Keywords>
			<Keywords name="Keywords3"></Keywords>
			<Keywords name="Keywords4">$</Keywords>
			<Keywords name="Keywords5"></Keywords>
			<Keywords name="Keywords6"></Keywords>
			<Keywords name="Keywords7"></Keywords>
			<Keywords name="Keywords8"></Keywords>
			<Keywords name="Delimiters">00 01 02 03&quot; 04 05&quot;
				06 07 08 09 10 11 12 13 14 15 16 17 18 19 20 21 22 23
			</Keywords>
		</KeywordLists>
		<Styles>
			<WordsStyle name="DEFAULT" fgColor="000000" bgColor="FFFFFF"
				fontName="" fontStyle="0" fontSize="" nesting="0" />
			<WordsStyle name="COMMENTS" fgColor="008000" bgColor="FFFFFF"
				fontName="" fontStyle="0" fontSize="" nesting="0" />
			<WordsStyle name="LINE COMMENTS" fgColor="008000" bgColor="FFFFFF"
				fontName="" fontStyle="0" fontSize="" nesting="0" />
			<WordsStyle name="NUMBERS" fgColor="FF0000" bgColor="FFFFFF"
				fontName="" fontStyle="0" fontSize="" nesting="0" />
			<WordsStyle name="KEYWORDS1" fgColor="800000" bgColor="FFFFFF"
				fontName="" fontStyle="1" fontSize="" nesting="0" />
			<WordsStyle name="KEYWORDS2" fgColor="800000" bgColor="FFFFFF"
				fontName="" fontStyle="3" fontSize="" nesting="0" />
			<WordsStyle name="KEYWORDS3" fgColor="E95D0E" bgColor="FFFFFF"
				fontName="" fontStyle="3" fontSize="" nesting="0" />
			<WordsStyle name="KEYWORDS4" fgColor="FF0000" bgColor="FFFFFF"
				fontName="" fontStyle="1" fontSize="" nesting="0" />
			<WordsStyle name="KEYWORDS5" fgColor="FF0000" bgColor="FFFFFF"
				fontName="" fontStyle="0" nesting="0" />
			<WordsStyle name="KEYWORDS6" fgColor="000000" bgColor="FFFFFF"
				fontName="" fontStyle="0" nesting="0" />
			<WordsStyle name="KEYWORDS7" fgColor="000000" bgColor="FFFFFF"
				fontName="" fontStyle="0" nesting="0" />
			<WordsStyle name="KEYWORDS8" fgColor="000000" bgColor="FFFFFF"
				fontName="" fontStyle="0" nesting="0" />
			<WordsStyle name="OPERATORS" fgColor="804040" bgColor="FFFFFF"
				fontName="" fontStyle="1" fontSize="" nesting="0" />
			<WordsStyle name="FOLDER IN CODE1" fgColor="8000FF"
				bgColor="FFFFFF" fontName="" fontStyle="1" fontSize="" nesting="0" />
			<WordsStyle name="FOLDER IN CODE2" fgColor="FF0000"
				bgColor="FFFFFF" fontName="" fontStyle="0" nesting="0" />
			<WordsStyle name="FOLDER IN COMMENT" fgColor="000000"
				bgColor="FFFFFF" fontName="" fontStyle="0" nesting="0" />
			<WordsStyle name="DELIMITERS1" fgColor="808040" bgColor="FFFFFF"
				fontName="" fontStyle="0" nesting="0" />
			<WordsStyle name="DELIMITERS2" fgColor="0000FF" bgColor="FFFFFF"
				fontName="" fontStyle="0" fontSize="10" nesting="0" />
			<WordsStyle name="DELIMITERS3" fgColor="000000" bgColor="FFFFFF"
				fontName="" fontStyle="0" nesting="0" />
			<WordsStyle name="DELIMITERS4" fgColor="000000" bgColor="FFFFFF"
				fontName="" fontStyle="0" nesting="0" />
			<WordsStyle name="DELIMITERS5" fgColor="000000" bgColor="FFFFFF"
				fontName="" fontStyle="0" nesting="0" />
			<WordsStyle name="DELIMITERS6" fgColor="000000" bgColor="FFFFFF"
				fontName="" fontStyle="0" nesting="0" />
			<WordsStyle name="DELIMITERS7" fgColor="000000" bgColor="FFFFFF"
				fontName="" fontStyle="0" nesting="0" />
			<WordsStyle name="DELIMITERS8" fgColor="000000" bgColor="FFFFFF"
				fontName="" fontStyle="0" nesting="0" />
		</Styles>
	</UserLang>
</NotepadPlus>

